Workbook
Name Slicer_Churn: #N/A

Sheet Churn_Data
A1: customerID | B1: gender | C1: Senior_Citizen | D1: SeniorCitizen | E1: Partner | F1: Dependents | G1: PhoneService | H1: MultipleLines | I1: InternetService | J1: Has_Internet | K1: OnlineSecurity | L1: OnlineBackup | M1: DeviceProtection | N1: TechSupport | O1: StreamingTV | P1: StreamingMovies | Q1: Churn | R1: Churn_num | S1: PaperlessBilling | T1: BundleService | U1: Contract | V1: PaymentMethod | W1: Auto/Mannual | X1: MonthlyCharges | Y1: Tenure_period | Z1: tenure | AA1: TotalCharges | AB1: Monthly Stayed | AC1: Tenure Stayed | AD1: Monthly Churned | AE1: tenure churned | AF1: Validation
A2: 0390-DCFDQ | B2: Female | C2: =IF(Churn_Data[[#This Row],[SeniorCitizen]]=1,"Yes","No") -> Yes | D2: 1 | E2: Yes | F2: No | G2: Yes | H2: No | I2: Fiber optic | J2: =IF(Churn_Data[[#This Row],[InternetService]]<>"No","Yes","No") -> Yes | K2: No | L2: No | M2: No | N2: No | O2: No | P2: No | Q2: Yes | R2: =IF(Churn_Data[[#This Row],[Churn]]="Yes",1,0) -> 1 | S2: Yes | T2: =(Churn_Data[[#This Row],[OnlineSecurity]]="Yes")+(Churn_Data[[#This Row],[OnlineBackup]]="Yes")+(Churn_Data[[#This Row],[DeviceProtection]]="Yes")+(Churn_Data[[#This Row],[TechSupport]]="Yes")+(Churn_Data[[#This Row],[StreamingTV]]="Yes")+(Churn_Data[[#This Row],[StreamingMovies]]="Yes") -> 0 | U2: Month-to-month | V2: Mailed check | W2: =IF(ISNUMBER(SEARCH("automatic", Churn_Data[[#This Row],[PaymentMethod]])), "Automatic", "Manual") -> Manual | X2: 70.45 | Y2: =IF(Churn_Data[[#This Row],[tenure]]<=12,"0-1 Year",IF(Churn_Data[[#This Row],[tenure]]<=24,"1-2 Years",IF(Churn_Data[[#This Row],[tenure]]<=36,"2-3 Years",IF(Churn_Data[[#This Row],[tenure]]<=48,"3-4 Years",IF(Churn_Data[[#This Row],[tenure]]<=60,"4-5 Years","5+ Years"))))) -> 0-1 Year | Z2: 1 | AA2: 70.45 | AB2: =IF(Churn_Data[[#This Row],[Churn]]="No",Churn_Data[[#This Row],[MonthlyCharges]],NA()) -> #N/A | AC2: =IF(Churn_Data[[#This Row],[Churn]]="No",Churn_Data[[#This Row],[tenure]],NA()) -> #N/A | AD2: =IF(Churn_Data[[#This Row],[Churn]]="Yes",Churn_Data[[#This Row],[MonthlyCharges]],NA()) -> 70.45 | AE2: =IF(Churn_Data[[#This Row],[Churn]]="Yes",Churn_Data[[#This Row],[tenure]],NA()) -> 1 | AF2: 70.45
A3: 5940-AHUHD | B3: Male | C3: =IF(Churn_Data[[#This Row],[SeniorCitizen]]=1,"Yes","No") -> No | D3: 0 | E3: No | F3: No | G3: Yes | H3: No | I3: Fiber optic | J3: =IF(Churn_Data[[#This Row],[InternetService]]<>"No","Yes","No") -> Yes | K3: No | L3: No | M3: No | N3: No | O3: No | P3: No | Q3: Yes | R3: =IF(Churn_Data[[#This Row],[Churn]]="Yes",1,0) -> 1 | S3: No | T3: =(Churn_Data[[#This Row],[OnlineSecurity]]="Yes")+(Churn_Data[[#This Row],[OnlineBackup]]="Yes")+(Churn_Data[[#This Row],[DeviceProtection]]="Yes")+(Churn_Data[[#This Row],[TechSupport]]="Yes")+(Churn_Data[[#This Row],[StreamingTV]]="Yes")+(Churn_Data[[#This Row],[StreamingMovies]]="Yes") -> 0 | U3: Month-to-month | V3: Mailed check | W3: =IF(ISNUMBER(SEARCH("automatic", Churn_Data[[#This Row],[PaymentMethod]])), "Automatic", "Manual") -> Manual | X3: 70.6 | Y3: =IF(Churn_Data[[#This Row],[tenure]]<=12,"0-1 Year",IF(Churn_Data[[#This Row],[tenure]]<=24,"1-2 Years",IF(Churn_Data[[#This Row],[tenure]]<=36,"2-3 Years",IF(Churn_Data[[#This Row],[tenure]]<=48,"3-4 Years",IF(Churn_Data[[#This Row],[tenure]]<=60,"4-5 Years","5+ Years"))))) -> 0-1 Year | Z3: 1 | AA3: 70.6 | AB3: =IF(Churn_Data[[#This Row],[Churn]]="No",Churn_Data[[#This Row],[MonthlyCharges]],NA()) -> #N/A | AC3: =IF(Churn_Data[[#This Row],[Churn]]="No",Churn_Data[[#This Row],[tenure]],NA()) -> #N/A | AD3: =IF(Churn_Data[[#This Row],[Churn]]="Yes",Churn_Data[[#This Row],[MonthlyCharges]],NA()) -> 70.6 | AE3: =IF(Churn_Data[[#This Row],[Churn]]="Yes",Churn_Data[[#This Row],[tenure]],NA()) -> 1 | AF3: 70.6
A4: 5583-SXDAG | B4: Male | C4: =IF(Churn_Data[[#This Row],[SeniorCitizen]]=1,"Yes","No") -> No | D4: 0 | E4: Yes | F4: No | G4: Yes | H4: No | I4: Fiber optic | J4: =IF(Churn_Data[[#This Row],[InternetService]]<>"No","Yes","No") -> Yes | K4: No | L4: No | M4: No | N4: No | O4: No | P4: No | Q4: Yes | R4: =IF(Churn_Data[[#This Row],[Churn]]="Yes",1,0) -> 1 | S4: No | T4: =(Churn_Data[[#This Row],[OnlineSecurity]]="Yes")+(Churn_Data[[#This Row],[OnlineBackup]]="Yes")+(Churn_Data[[#This Row],[DeviceProtection]]="Yes")+(Churn_Data[[#This Row],[TechSupport]]="Yes")+(Churn_Data[[#This Row],[StreamingTV]]="Yes")+(Churn_Data[[#This Row],[StreamingMovies]]="Yes") -> 0 | U4: Month-to-month | V4: Electronic check | W4: =IF(ISNUMBER(SEARCH("automatic", Churn_Data[[#This Row],[PaymentMethod]])), "Automatic", "Manual") -> Manual | X4: 70 | Y4: =IF(Churn_Data[[#This Row],[tenure]]<=12,"0-1 Year",IF(Churn_Data[[#This Row],[tenure]]<=24,"1-2 Years",IF(Churn_Data[[#This Row],[tenure]]<=36,"2-3 Years",IF(Churn_Data[[#This Row],[tenure]]<=48,"3-4 Years",IF(Churn_Data[[#This Row],[tenure]]<=60,"4-5 Years","5+ Years"))))) -> 0-1 Year | Z4: 1 | AA4: 70 | AB4: =IF(Churn_Data[[#This Row],[Churn]]="No",Churn_Data[[#This Row],[MonthlyCharges]],NA()) -> #N/A | AC4: =IF(Churn_Data[[#This Row],[Churn]]="No",Churn_Data[[#This Row],[tenure]],NA()) -> #N/A | AD4: =IF(Churn_Data[[#This Row],[Churn]]="Yes",Churn_Data[[#This Row],[MonthlyCharges]],NA()) -> 70 | AE4: =IF(Churn_Data[[#This Row],[Churn]]="Yes",Churn_Data[[#This Row],[tenure]],NA()) -> 1 | AF4: 70
A5: 4110-PFEUZ | B5: Female | C5: =IF(Churn_Data[[#This Row],[SeniorCitizen]]=1,"Yes","No") -> No | D5: 0 | E5: No | F5: No | G5: Yes | H5: No | I5: Fiber optic | J5: =IF(Churn_Data[[#This Row],[InternetService]]<>"No","Yes","No") -> Yes | K5: No | L5: No | M5: No | N5: No | O5: No | P5: No | Q5: Yes | R5: =IF(Churn_Data[[#This Row],[Churn]]="Yes",1,0) -> 1 | S5: No | T5: =(Churn_Data[[#This Row],[OnlineSecurity]]="Yes")+(Churn_Data[[#This Row],[OnlineBackup]]="Yes")+(Churn_Data[[#This Row],[DeviceProtection]]="Yes")+(Churn_Data[[#This Row],[TechSupport]]="Yes")+(Churn_Data[[#This Row],[StreamingTV]]="Yes")+(Churn_Data[[#This Row],[StreamingMovies]]="Yes") -> 0 | U5: Month-to-month | V5: Mailed check | W5: =IF(ISNUMBER(SEARCH("automatic", Churn_Data[[#This Row],[PaymentMethod]])), "Automatic", "Manual") -> Manual | X5: 69.55 | Y5: =IF(Churn_Data[[#This Row],[tenure]]<=12,"0-1 Year",IF(Churn_Data[[#This Row],[tenure]]<=24,"1-2 Years",IF(Churn_Data[[#This Row],[tenure]]<=36,"2-3 Years",IF(Churn_Data[[#This Row],[tenure]]<=48,"3-4 Years",IF(Churn_Data[[#This Row],[tenure]]<=60,"4-5 Years","5+ Years"))))) -> 0-1 Year | Z5: 1 | AA5: 69.55 | AB5: =IF(Churn_Data[[#This Row],[Churn]]="No",Churn_Data[[#This Row],[MonthlyCharges]],NA()) -> #N/A | AC5: =IF(Churn_Data[[#This Row],[Churn]]="No",Churn_Data[[#This Row],[tenure]],NA()) -> #N/A | AD5: =IF(Churn_Data[[#This Row],[Churn]]="Yes",Churn_Data[[#This Row],[MonthlyCharges]],NA()) -> 69.55 | AE5: =IF(Churn_Data[[#This Row],[Churn]]="Yes",Churn_Data[[#This Row],[tenure]],NA()) -> 1 | AF5: 69.55
A6: 8040-MNRTF | B6: Female | C6: =IF(Churn_Data[[#This Row],[SeniorCitizen]]=1,"Yes","No") -> No | D6: 0 | E6: No | F6: No | G6: Yes | H6: No | I6: Fiber optic | J6: =IF(Churn_Data[[#This Row],[InternetService]]<>"No","Yes","No") -> Yes | K6: No | L6: No | M6: No | N6: No | O6: No | P6: No | Q6: No | R6: =IF(Churn_Data[[#This Row],[Churn]]="Yes",1,0) -> 0 | S6: No | T6: =(Churn_Data[[#This Row],[OnlineSecurity]]="Yes")+(Churn_Data[[#This Row],[OnlineBackup]]="Yes")+(Churn_Data[[#This Row],[DeviceProtection]]="Yes")+(Churn_Data[[#This Row],[TechSupport]]="Yes")+(Churn_Data[[#This Row],[StreamingTV]]="Yes")+(Churn_Data[[#This Row],[StreamingMovies]]="Yes") -> 0 | U6: Month-to-month | V6: Mailed check | W6: =IF(ISNUMBER(SEARCH("automatic", Churn_Data[[#This Row],[PaymentMethod]])), "Automatic", "Manual") -> Manual | X6: 71.1 | Y6: =IF(Churn_Data[[#This Row],[tenure]]<=12,"0-1 Year",IF(Churn_Data[[#This Row],[tenure]]<=24,"1-2 Years",IF(Churn_Data[[#This Row],[tenure]]<=36,"2-3 Years",IF(Churn_Data[[#This Row],[tenure]]<=48,"3-4 Years",IF(Churn_Data[[#This Row],[tenure]]<=60,"4-5 Years","5+ Years"))))) -> 0-1 Year | Z6: 1 | AA6: 71.1 | AB6: =IF(Churn_Data[[#This Row],[Churn]]="No",Churn_Data[[#This Row],[MonthlyCharges]],NA()) -> 71.1 | AC6: =IF(Churn_Data[[#This Row],[Churn]]="No",Churn_Data[[#This Row],[tenure]],NA()) -> 1 | AD6: =IF(Churn_Data[[#This Row],[Churn]]="Yes",Churn_Data[[#This Row],[MonthlyCharges]],NA()) -> #N/A | AE6: =IF(Churn_Data[[#This Row],[Churn]]="Yes",Churn_Data[[#This Row],[tenure]],NA()) -> #N/A | AF6: 71.1
A7: 1820-TQVEV | B7: Male | C7: =IF(Churn_Data[[#This Row],[SeniorCitizen]]=1,"Yes","No") -> No | D7: 0 | E7: No | F7: No | G7: Yes | H7: No | I7: Fiber optic | J7: =IF(Churn_Data[[#This Row],[InternetService]]<>"No","Yes","No") -> Yes | K7: No | L7: No | M7: No | N7: No | O7: No | P7: No | Q7: Yes | R7: =IF(Churn_Data[[#This Row],[Churn]]="Yes",1,0) -> 1 | S7: Yes | T7: =(Churn_Data[[#This Row],[OnlineSecurity]]="Yes")+(Churn_Data[[#This Row],[OnlineBackup]]="Yes")+(Churn_Data[[#This Row],[DeviceProtection]]="Yes")+(Churn_Data[[#This Row],[TechSupport]]="Yes")+(Churn_Data[[#This Row],[StreamingTV]]="Yes")+(Churn_Data[[#This Row],[StreamingMovies]]="Yes") -> 0 | U7: Month-to-month | V7: Electronic check | W7: =IF(ISNUMBER(SEARCH("automatic", Churn_Data[[#This Row],[PaymentMethod]])), "Automatic", "Manual") -> Manual | X7: 69.55 | Y7: =IF(Churn_Data[[#This Row],[tenure]]<=12,"0-1 Year",IF(Churn_Data[[#This Row],[tenure]]<=24,"1-2 Years",IF(Churn_Data[[#This Row],[tenure]]<=36,"2-3 Years",IF(Churn_Data[[#This Row],[tenure]]<=48,"3-4 Years",IF(Churn_Data[[#This Row],[tenure]]<=60,"4-5 Years","5+ Years"))))) -> 0-1 Year | Z7: 1 | AA7: 69.55 | AB7: =IF(Churn_Data[[#This Row],[Churn]]="No",Churn_Data[[#This Row],[MonthlyCharges]],NA()) -> #N/A | AC7: =IF(Churn_Data[[#This Row],[Churn]]="No",Churn_Data[[#This Row],[tenure]],NA()) -> #N/A | AD7: =IF(Churn_Data[[#This Row],[Churn]]="Yes",Churn_Data[[#This Row],[MonthlyCharges]],NA()) -> 69.55 | AE7: =IF(Churn_Data[[#This Row],[Churn]]="Yes",Churn_Data[[#This Row],[tenure]],NA()) -> 1 | AF7: 69.55
A8: 5875-YPQFJ | B8: Male | C8: =IF(Churn_Data[[#This Row],[SeniorCitizen]]=1,"Yes","No") -> No | D8: 0 | E8: No | F8: No | G8: Yes | H8: No | I8: Fiber optic | J8: =IF(Churn_Data[[#This Row],[InternetService]]<>"No","Yes","No") -> Yes | K8: No | L8: No | M8: No | N8: No | O8: No | P8: No | Q8: Yes | R8: =IF(Churn_Data[[#This Row],[Churn]]="Yes",1,0) -> 1 | S8: Yes | T8: =(Churn_Data[[#This Row],[OnlineSecurity]]="Yes")+(Churn_Data[[#This Row],[OnlineBackup]]="Yes")+(Churn_Data[[#This Row],[DeviceProtection]]="Yes")+(Churn_Data[[#This Row],[TechSupport]]="Yes")+(Churn_Data[[#This Row],[StreamingTV]]="Yes")+(Churn_Data[[#This Row],[StreamingMovies]]="Yes") -> 0 | U8: Month-to-month | V8: Electronic check | W8: =IF(ISNUMBER(SEARCH("automatic", Churn_Data[[#This Row],[PaymentMethod]])), "Automatic", "Manual") -> Manual | X8: 69.9 | Y8: =IF(Churn_Data[[#This Row],[tenure]]<=12,"0-1 Year",IF(Churn_Data[[#This Row],[tenure]]<=24,"1-2 Years",IF(Churn_Data[[#This Row],[tenure]]<=36,"2-3 Years",IF(Churn_Data[[#This Row],[tenure]]<=48,"3-4 Years",IF(Churn_Data[[#This Row],[tenure]]<=60,"4-5 Years","5+ Years"))))) -> 0-1 Year | Z8: 1 | AA8: 69.9 | AB8: =IF(Churn_Data[[#This Row],[Churn]]="No",Churn_Data[[#This Row],[MonthlyCharges]],NA()) -> #N/A | AC8: =IF(Churn_Data[[#This Row],[Churn]]="No",Churn_Data[[#This Row],[tenure]],NA()) -> #N/A | AD8: =IF(Churn_Data[[#This Row],[Churn]]="Yes",Churn_Data[[#This Row],[MonthlyCharges]],NA()) -> 69.9 | AE8: =IF(Churn_Data[[#This Row],[Churn]]="Yes",Churn_Data[[#This Row],[tenure]],NA()) -> 1 | AF8: 69.9
A9: 7206-GZCDC | B9: Female | C9: =IF(Churn_Data[[#This Row],[SeniorCitizen]]=1,"Yes","No") -> Yes | D9: 1 | E9: No | F9: No | G9: Yes | H9: No | I9: Fiber optic | J9: =IF(Churn_Data[[#This Row],[InternetService]]<>"No","Yes","No") -> Yes | K9: No | L9: No | M9: No | N9: No | O9: No | P9: No | Q9: Yes | R9: =IF(Churn_Data[[#This Row],[Churn]]="Yes",1,0) -> 1 | S9: Yes | T9: =(Churn_Data[[#This Row],[OnlineSecurity]]="Yes")+(Churn_Data[[#This Row],[OnlineBackup]]="Yes")+(Churn_Data[[#This Row],[DeviceProtection]]="Yes")+(Churn_Data[[#This Row],[TechSupport]]="Yes")+(Churn_Data[[#This Row],[StreamingTV]]="Yes")+(Churn_Data[[#This Row],[StreamingMovies]]="Yes") -> 0 | U9: Month-to-month | V9: Electronic check | W9: =IF(ISNUMBER(SEARCH("automatic", Churn_Data[[#This Row],[PaymentMethod]])), "Automatic", "Manual") -> Manual | X9: 69.25 | Y9: =IF(Churn_Data[[#This Row],[tenure]]<=12,"0-1 Year",IF(Churn_Data[[#This Row],[tenure]]<=24,"1-2 Years",IF(Churn_Data[[#This Row],[tenure]]<=36,"2-3 Years",IF(Churn_Data[[#This Row],[tenure]]<=48,"3-4 Years",IF(Churn_Data[[#This Row],[tenure]]<=60,"4-5 Years","5+ Years"))))) -> 0-1 Year | Z9: 1 | AA9: 69.25 | AB9: =IF(Churn_Data[[#This Row],[Churn]]="No",Churn_Data[[#This Row],[MonthlyCharges]],NA()) -> #N/A | AC9: =IF(Churn_Data[[#This Row],[Churn]]="No",Churn_Data[[#This Row],[tenure]],NA()) -> #N/A | AD9: =IF(Churn_Data[[#This Row],[Churn]]="Yes",Churn_Data[[#This Row],[MonthlyCharges]],NA()) -> 69.25 | AE9: =IF(Churn_Data[[#This Row],[Churn]]="Yes",Churn_Data[[#This Row],[tenure]],NA()) -> 1 | AF9: 69.25
A10: 8375-DKEBR | B10: Female | C10: =IF(Churn_Data[[#This Row],[SeniorCitizen]]=1,"Yes","No") -> Yes | D10: 1 | E10: No | F10: No | G10: Yes | H10: No | I10: Fiber optic | J10: =IF(Churn_Data[[#This Row],[InternetService]]<>"No","Yes","No") -> Yes | K10: No | L10: No | M10: No | N10: No | O10: No | P10: No | Q10: Yes | R10: =IF(Churn_Data[[#This Row],[Churn]]="Yes",1,0) -> 1 | S10: Yes | T10: =(Churn_Data[[#This Row],[OnlineSecurity]]="Yes")+(Churn_Data[[#This Row],[OnlineBackup]]="Yes")+(Churn_Data[[#This Row],[DeviceProtection]]="Yes")+(Churn_Data[[#This Row],[TechSupport]]="Yes")+(Churn_Data[[#This Row],[StreamingTV]]="Yes")+(Churn_Data[[#This Row],[StreamingMovies]]="Yes") -> 0 | U10: Month-to-month | V10: Electronic check | W10: =IF(ISNUMBER(SEARCH("automatic", Churn_Data[[#This Row],[PaymentMethod]])), "Automatic", "Manual") -> Manual | X10: 69.6 | Y10: =IF(Churn_Data[[#This Row],[tenure]]<=12,"0-1 Year",IF(Churn_Data[[#This Row],[tenure]]<=24,"1-2 Years",IF(Churn_Data[[#This Row],[tenure]]<=36,"2-3 Years",IF(Churn_Data[[#This Row],[tenure]]<=48,"3-4 Years",IF(Churn_Data[[#This Row],[tenure]]<=60,"4-5 Years","5+ Years"))))) -> 0-1 Year | Z10: 1 | AA10: 69.6 | AB10: =IF(Churn_Data[[#This Row],[Churn]]="No",Churn_Data[[#This Row],[MonthlyCharges]],NA()) -> #N/A | AC10: =IF(Churn_Data[[#This Row],[Churn]]="No",Churn_Data[[#This Row],[tenure]],NA()) -> #N/A | AD10: =IF(Churn_Data[[#This Row],[Churn]]="Yes",Churn_Data[[#This Row],[MonthlyCharges]],NA()) -> 69.6 | AE10: =IF(Churn_Data[[#This Row],[Churn]]="Yes",Churn_Data[[#This Row],[tenure]],NA()) -> 1 | AF10: 69.6
A11: 9804-ICWBG | B11: Male | C11: =IF(Churn_Data[[#This Row],[SeniorCitizen]]=1,"Yes","No") -> No | D11: 0 | E11: No | F11: No | G11: Yes | H11: No | I11: Fiber optic | J11: =IF(Churn_Data[[#This Row],[InternetService]]<>"No","Yes","No") -> Yes | K11: No | L11: No | M11: No | N11: No | O11: No | P11: No | Q11: Yes | R11: =IF(Churn_Data[[#This Row],[Churn]]="Yes",1,0) -> 1 | S11: Yes | T11: =(Churn_Data[[#This Row],[OnlineSecurity]]="Yes")+(Churn_Data[[#This Row],[OnlineBackup]]="Yes")+(Churn_Data[[#This Row],[DeviceProtection]]="Yes")+(Churn_Data[[#This Row],[TechSupport]]="Yes")+(Churn_Data[[#This Row],[StreamingTV]]="Yes")+(Churn_Data[[#This Row],[StreamingMovies]]="Yes") -> 0 | U11: Month-to-month | V11: Electronic check | W11: =IF(ISNUMBER(SEARCH("automatic", Churn_Data[[#This Row],[PaymentMethod]])), "Automatic", "Manual") -> Manual | X11: 69.9 | Y11: =IF(Churn_Data[[#This Row],[tenure]]<=12,"0-1 Year",IF(Churn_Data[[#This Row],[tenure]]<=24,"1-2 Years",IF(Churn_Data[[#This Row],[tenure]]<=36,"2-3 Years",IF(Churn_Data[[#This Row],[tenure]]<=48,"3-4 Years",IF(Churn_Data[[#This Row],[tenure]]<=60,"4-5 Years","5+ Years"))))) -> 0-1 Year | Z11: 1 | AA11: 69.9 | AB11: =IF(Churn_Data[[#This Row],[Churn]]="No",Churn_Data[[#This Row],[MonthlyCharges]],NA()) -> #N/A | AC11: =IF(Churn_Data[[#This Row],[Churn]]="No",Churn_Data[[#This Row],[tenure]],NA()) -> #N/A | AD11: =IF(Churn_Data[[#This Row],[Churn]]="Yes",Churn_Data[[#This Row],[MonthlyCharges]],NA()) -> 69.9 | AE11: =IF(Churn_Data[[#This Row],[Churn]]="Yes",Churn_Data[[#This Row],[tenure]],NA()) -> 1 | AF11: 69.9
A12: 8380-PEFPE | B12: Male | C12: =IF(Churn_Data[[#This Row],[SeniorCitizen]]=1,"Yes","No") -> No | D12: 0 | E12: No | F12: Yes | G12: Yes | H12: No | I12: Fiber optic | J12: =IF(Churn_Data[[#This Row],[InternetService]]<>"No","Yes","No") -> Yes | K12: No | L12: No | M12: No | N12: No | O12: No | P12: No | Q12: Yes | R12: =IF(Churn_Data[[#This Row],[Churn]]="Yes",1,0) -> 1 | S12: Yes | T12: =(Churn_Data[[#This Row],[OnlineSecurity]]="Yes")+(Churn_Data[[#This Row],[OnlineBackup]]="Yes")+(Churn_Data[[#This Row],[DeviceProtection]]="Yes")+(Churn_Data[[#This Row],[TechSupport]]="Yes")+(Churn_Data[[#This Row],[StreamingTV]]="Yes")+(Churn_Data[[#This Row],[StreamingMovies]]="Yes") -> 0 | U12: Month-to-month | V12: Electronic check | W12: =IF(ISNUMBER(SEARCH("automatic", Churn_Data[[#This Row],[PaymentMethod]])), "Automatic", "Manual") -> Manual | X12: 71.65 | Y12: =IF(Churn_Data[[#This Row],[tenure]]<=12,"0-1 Year",IF(Churn_Data[[#This Row],[tenure]]<=24,"1-2 Years",IF(Churn_Data[[#This Row],[tenure]]<=36,"2-3 Years",IF(Churn_Data[[#This Row],[tenure]]<=48,"3-4 Years",IF(Churn_Data[[#This Row],[tenure]]<=60,"4-5 Years","5+ Years"))))) -> 0-1 Year | Z12: 1 | AA12: 71.65 | AB12: =IF(Churn_Data[[#This Row],[Churn]]="No",Churn_Data[[#This Row],[MonthlyCharges]],NA()) -> #N/A | AC12: =IF(Churn_Data[[#This Row],[Churn]]="No",Churn_Data[[#This Row],[tenure]],NA()) -> #N/A | AD12: =IF(Churn_Data[[#This Row],[Churn]]="Yes",Churn_Data[[#This Row],[MonthlyCharges]],NA()) -> 71.65 | AE12: =IF(Churn_Data[[#This Row],[Churn]]="Yes",Churn_Data[[#This Row],[tenure]],NA()) -> 1 | AF12: 71.65
A13: 3494-JCHRQ | B13: Male | C13: =IF(Churn_Data[[#This Row],[SeniorCitizen]]=1,"Yes","No") -> No | D13: 0 | E13: No | F13: No | G13: Yes | H13: No | I13: Fiber optic | J13: =IF(Churn_Data[[#This Row],[InternetService]]<>"No","Yes","No") -> Yes | K13: No | L13: No | M13: No | N13: No | O13: No | P13: No | Q13: Yes | R13: =IF(Churn_Data[[#This Row],[Churn]]="Yes",1,0) -> 1 | S13: Yes | T13: =(Churn_Data[[#This Row],[OnlineSecurity]]="Yes")+(Churn_Data[[#This Row],[OnlineBackup]]="Yes")+(Churn_Data[[#This Row],[DeviceProtection]]="Yes")+(Churn_Data[[#This Row],[TechSupport]]="Yes")+(Churn_Data[[#This Row],[StreamingTV]]="Yes")+(Churn_Data[[#This Row],[StreamingMovies]]="Yes") -> 0 | U13: Month-to-month | V13: Electronic check | W13: =IF(ISNUMBER(SEARCH("automatic", Churn_Data[[#This Row],[PaymentMethod]])), "Automatic", "Manual") -> Manual | X13: 70.05 | Y13: =IF(Churn_Data[[#This Row],[tenure]]<=12,"0-1 Year",IF(Churn_Data[[#This Row],[tenure]]<=24,"1-2 Years",IF(Churn_Data[[#This Row],[tenure]]<=36,"2-3 Years",IF(Churn_Data[[#This Row],[tenure]]<=48,"3-4 Years",IF(Churn_Data[[#This Row],[tenure]]<=60,"4-5 Years","5+ Years"))))) -> 0-1 Year | Z13: 1 | AA13: 70.05 | AB13: =IF(Churn_Data[[#This Row],[Churn]]="No",Churn_Data[[#This Row],[MonthlyCharges]],NA()) -> #N/A | AC13: =IF(Churn_Data[[#This Row],[Churn]]="No",Churn_Data[[#This Row],[tenure]],NA()) -> #N/A | AD13: =IF(Churn_Data[[#This Row],[Churn]]="Yes",Churn_Data[[#This Row],[MonthlyCharges]],NA()) -> 70.05 | AE13: =IF(Churn_Data[[#This Row],[Churn]]="Yes",Churn_Data[[#This Row],[tenure]],NA()) -> 1 | AF13: 70.05
... A7044: 6508-NJYRO | B7044: Male | C7044: =IF(Churn_Data[[#This Row],[SeniorCitizen]]=1,"Yes","No") -> No | D7044: 0 | E7044: Yes | F7044: No | G7044: Yes | H7044: No | I7044: No | J7044: =IF(Churn_Data[[#This Row],[InternetService]]<>"No","Yes","No") -> No | K7044: No internet service | L7044: No internet service | M7044: No internet service | N7044: No internet service | O7044: No internet service | P7044: No internet service | Q7044: No | R7044: =IF(Churn_Data[[#This Row],[Churn]]="Yes",1,0) -> 0 | S7044: No | T7044: =(Churn_Data[[#This Row],[OnlineSecurity]]="Yes")+(Churn_Data[[#This Row],[OnlineBackup]]="Yes")+(Churn_Data[[#This Row],[DeviceProtection]]="Yes")+(Churn_Data[[#This Row],[TechSupport]]="Yes")+(Churn_Data[[#This Row],[StreamingTV]]="Yes")+(Churn_Data[[#This Row],[StreamingMovies]]="Yes") -> 0 | U7044: One year | V7044: Mailed check | W7044: =IF(ISNUMBER(SEARCH("automatic", Churn_Data[[#This Row],[PaymentMethod]])), "Automatic", "Manual") -> Manual | X7044: 18.8 | Y7044: =IF(Churn_Data[[#This Row],[tenure]]<=12,"0-1 Year",IF(Churn_Data[[#This Row],[tenure]]<=24,"1-2 Years",IF(Churn_Data[[#This Row],[tenure]]<=36,"2-3 Years",IF(Churn_Data[[#This Row],[tenure]]<=48,"3-4 Years",IF(Churn_Data[[#This Row],[tenure]]<=60,"4-5 Years","5+ Years"))))) -> 1-2 Years | Z7044: 15 | AA7044: 294.95 | AB7044: =IF(Churn_Data[[#This Row],[Churn]]="No",Churn_Data[[#This Row],[MonthlyCharges]],NA()) -> 18.8 | AC7044: =IF(Churn_Data[[#This Row],[Churn]]="No",Churn_Data[[#This Row],[tenure]],NA()) -> 15 | AD7044: =IF(Churn_Data[[#This Row],[Churn]]="Yes",Churn_Data[[#This Row],[MonthlyCharges]],NA()) -> #N/A | AE7044: =IF(Churn_Data[[#This Row],[Churn]]="Yes",Churn_Data[[#This Row],[tenure]],NA()) -> #N/A | AF7044: 282

Sheet Summary
B2: SUMMARY OF CHURN DATA
B3: Total Customers | I3: =GETPIVOTDATA("[Measures].[Count of customerID]",PivotTable!$A$15) -> 7043
B4: Total Churnned(Yes) | I4: =GETPIVOTDATA("[Measures].[Count of customerID]",PivotTable!$A$30) -> 1869
B5: Active Person | I5: =I3-I4 -> 5174
B6: Avg Montly Rate | I6: =GETPIVOTDATA("[Measures].[Average of MonthlyCharges]",PivotTable!$A$6) -> 64.761692
B7: Total Senior Citizens | I7: =GETPIVOTDATA("[Measures].[Count of customerID]",PivotTable!$A$24) -> 1142
B8: Female Percentage | I8: =GETPIVOTDATA("[Measures].[Count of customerID]",PivotTable!$A$35,"[Churn_Data 1].[gender]","[Churn_Data 1].[gender].&[Female]")/GETPIVOTDATA("[Measures].[Count of customerID]",PivotTable!$A$35,"[Churn_Data 1].[gender]","[Churn_Data 1].[gender].&[Male]") -> 0.98115331

Sheet PivotTable
A3: Count of customerID | D3: Count of customerID | E3: Column Labels | I3: Row Labels | J3: Average Churn % | K3: Total Customers | M3: Row Labels | N3: Count of customerID | P3: Row Labels | Q3: Count of customerID | S3: Row Labels | T3: Total Customers | U3: Average Total Charges
A4: 7043 | D4: Row Labels | E4: Yes | F4: No | G4: Grand Total | I4: Month-to-month | J4: 0.42709677 | K4: 3875 | M4: Bank transfer (automatic) | N4: 1544 | P4: Automatic | Q4: 0.43532586 | S4: 0-1 Year | T4: 2186 | U4: 275.2296
D5: 0 | E5: 475 | F5: 1744 | G5: 2219 | I5: One year | J5: 0.11269518 | K5: 1473 | M5: Credit card (automatic) | N5: 1522 | P5: Manual | Q5: 0.56467414 | S5: 1-2 Years | T5: 1024 | U5: 1126.2575
A6: Average of MonthlyCharges | D6: 1 | E6: 442 | F6: 524 | G6: 966 | I6: Two year | J6: 0.028318584 | K6: 1695 | M6: Electronic check | N6: 2365 | P6: Grand Total | Q6: 1 | S6: 2-3 Years | T6: 832 | U6: 1990.1993
A7: 64.761692 | D7: 2 | E7: 370 | F7: 663 | G7: 1033 | I7: Grand Total | J7: 0.26536987 | K7: 7043 | M7: Mailed check | N7: 1612 | S7: 3-4 Years | T7: 762 | U7: 2827.4732
D8: 3 | E8: 306 | F8: 812 | G8: 1118 | M8: Grand Total | N8: 7043 | S8: 4-5 Years | T8: 832 | U8: 3848.1326
A9: Average of TotalCharges | D9: 4 | E9: 190 | F9: 662 | G9: 852 | S9: 5+ Years | T9: 1407 | U9: 5180.6698
A10: 2279.7343 | D10: 5 | E10: 71 | F10: 500 | G10: 571 | S10: Grand Total | T10: 7043 | U10: 2279.7343
D11: 6 | E11: 15 | F11: 269 | G11: 284
A12: Average of Churn_num | D12: Grand Total | E12: 1869 | F12: 5174 | G12: 7043
A13: 0.26536987
D14: Row Labels | E14: Average Churn % | F14: Total Customer
A15: Row Labels | B15: Count of customerID | D15: Partner
A16: No | B16: 5174 | D16: No Dependents | E16: 0.95746923 | F16: 1653
A17: Yes | B17: 1869 | D17: Dependents | E17: 0.53648542 | F17: 1749
A18: Grand Total | B18: 7043 | D18: No Partner
D19: No Dependents | E19: 1.2901919 | F19: 3280
D20: Dependents | E20: 0.80377022 | F20: 361
D21: Grand Total | E21: 1 | F21: 7043
A22: Senior_Citizen | B22: Yes
A24: Count of customerID
A25: 1142
A28: Churn | B28: Yes
A30: Count of customerID
A31: 1869
A35: Row Labels | B35: Count of customerID
A36: Female | B36: 3488
A37: Male | B37: 3555
A38: Grand Total | B38: 7043

Sheet Charts

Sheet Dashboard
A1: Churn Data Dashboard
A2: Total Customers
A3: =GETPIVOTDATA("[Measures].[Count of customerID]",PivotTable!$A$3) -> 7043
A4: Churn Percent
A5: =GETPIVOTDATA("[Measures].[Average of Churn_num]",PivotTable!$A$12) -> 0.26536987
A12: Avg. Monthly Rate
A13: =GETPIVOTDATA("[Measures].[Average of MonthlyCharges]",PivotTable!$A$6) -> 64.761692
A14: Avg. Total Rate
A15: =GETPIVOTDATA("[Measures].[Average of TotalCharges]",PivotTable!$A$9) -> 2279.7343
